{
  "showTitle": true,
  "showBasemap": false,
  "showLegend": true,
  "expandAllLayersByDefault": false,
  "contextMenu": {
    "ZoomTo": true,
    "Transparency": true,
    "SetVisibilityRange": true,
    "EnableOrDisablePopup": true,
    "ControlLabels": true,
    "MoveupOrMovedown": true,
    "OpenAttributeTable": true,
    "DescriptionOrShowItemDetailsOrDownload": true
  },
  "layerOptions": {
    "1879a771c9b-layer-4": {
      "display": true
    },
    "1879a771c96-layer-3": {
      "display": true
    }
  }
}
